seq,k,seed,total,sumsq,n,gs,deg,lm,gamma
primes,8,0,98,1552,49,0,4,22,5.222656
random,8,0,100,1544,50,0,6,28,5.941406
random,8,1,106,1760,53,0,6,26,6.019531
random,8,2,100,1552,50,0,6,30,5.527344
random,8,3,108,1696,54,0,6,30,6.902344
random,8,4,94,1464,47,0,6,26,5.035156
random,8,5,100,1552,50,0,6,30,5.527344
random,8,6,94,1448,47,0,6,26,5.066406
random,8,7,92,1360,46,0,6,26,5.058594
random,8,8,112,1736,56,0,8,40,8.902344
random,8,9,84,1104,42,0,6,28,4.941406
random,8,10,114,1880,57,0,2,34,7.925781
random,8,11,118,2056,59,0,4,26,7.144531
random,8,12,96,1384,48,0,8,28,5.917969
random,8,13,110,1712,55,0,2,34,7.902344
random,8,14,80,968,40,0,8,30,4.917969
random,8,15,116,1904,58,0,6,38,8.925781
random,8,16,114,1880,57,0,2,34,7.925781
random,8,17,100,1608,50,0,6,26,5.285156
random,8,18,92,1360,46,0,6,26,5.058594
random,8,19,88,1256,44,0,6,26,4.964844
random,8,20,112,1880,56,0,6,30,7.207031
random,8,21,114,1824,57,0,2,38,8.910156
random,8,22,102,1688,51,0,4,22,5.300781
random,8,23,114,1880,57,0,2,34,7.925781
random,8,24,98,1568,49,0,4,24,5.160156
random,8,25,92,1376,46,0,4,26,5.027344
random,8,26,104,1640,52,0,6,36,6.957031
random,8,27,96,1488,48,0,4,24,5.191406
random,8,28,112,1896,56,0,8,34,7.144531
random,8,29,102,1576,51,0,4,30,6.027344
random,8,30,102,1688,51,0,4,22,5.300781
random,8,31,114,1944,57,0,4,32,7.269531
random,8,32,84,1104,42,0,6,28,4.941406
random,8,33,126,2184,63,0,2,40,9.894531
random,8,34,94,1416,47,0,4,26,5.175781
random,8,35,104,1640,52,0,6,28,5.902344
random,8,36,100,1664,50,0,4,24,5.144531
random,8,37,84,1104,42,0,6,28,4.941406
random,8,38,120,2088,60,0,6,30,7.894531
random,8,39,80,968,40,0,8,30,4.917969
random,8,40,98,1520,49,0,2,26,5.277344
random,8,41,108,1840,54,0,4,28,5.707031
random,8,42,90,1328,45,0,4,26,4.988281
random,8,43,116,2048,58,0,6,28,6.394531
random,8,44,90,1328,45,0,4,26,4.988281
random,8,45,92,1376,46,0,4,26,5.027344
random,8,46,98,1520,49,0,2,26,5.277344
random,8,47,100,1544,50,0,6,28,5.941406
random,8,48,114,2000,57,0,4,24,6.144531
random,8,49,104,1736,52,0,4,26,5.519531
random,8,50,90,1344,45,0,4,22,4.972656
random,8,51,102,1576,51,0,4,30,6.027344
random,8,52,96,1432,48,0,8,30,5.433594
random,8,53,104,1736,52,0,4,22,5.425781
random,8,54,98,1400,49,0,4,34,6.917969
random,8,55,104,1736,52,0,4,22,5.425781
random,8,56,96,1512,48,0,6,24,5.097656
random,8,57,100,1488,50,0,6,32,6.925781
random,8,58,92,1424,46,0,6,22,4.988281
random,8,59,110,1712,55,0,2,34,7.902344
random,8,60,108,1872,54,0,4,26,5.519531
random,8,61,94,1424,47,0,4,26,5.089844
random,8,62,98,1472,49,0,4,30,5.925781
random,8,63,100,1648,50,0,6,26,5.175781
random,8,64,100,1552,50,0,6,30,5.527344
random,8,65,108,1752,54,0,6,26,6.410156
random,8,66,114,1936,57,0,4,28,6.957031
random,8,67,108,1760,54,0,6,34,7.050781
random,8,68,106,1824,53,0,2,24,5.394531
random,8,69,98,1496,49,0,6,26,5.464844
random,8,70,98,1552,49,0,4,22,5.222656
random,8,71,100,1632,50,0,4,24,5.238281
random,8,72,96,1464,48,0,6,26,5.214844
random,8,73,120,2072,60,0,6,32,8.144531
random,8,74,114,1944,57,0,4,32,7.269531
random,8,75,98,1520,49,0,2,24,5.441406
random,8,76,94,1480,47,0,6,22,5.019531
random,8,77,114,1824,57,0,2,38,8.910156
random,8,78,116,2000,58,0,4,28,7.394531
random,8,79,108,1680,54,0,6,30,7.402344
random,8,80,108,1856,54,0,6,30,5.644531
random,8,81,98,1568,49,0,6,22,5.207031
random,8,82,114,1824,57,0,2,38,8.910156
random,8,83,100,1600,50,0,6,26,5.457031
random,8,84,110,1712,55,0,2,34,7.902344
random,8,85,112,1928,56,0,6,26,6.269531
random,8,86,96,1544,48,0,4,24,5.050781
random,8,87,104,1640,52,0,6,28,5.902344
random,8,88,92,1424,46,0,6,22,4.988281
random,8,89,116,1984,58,0,6,30,7.519531
random,8,90,108,1760,54,0,6,34,7.050781
random,8,91,100,1648,50,0,6,26,5.175781
random,8,92,114,1936,57,0,4,28,6.957031
random,8,93,86,1184,43,0,4,26,4.949219
random,8,94,108,1856,54,0,6,30,5.644531
random,8,95,116,1904,58,0,6,38,8.925781
random,8,96,112,1960,56,0,4,26,5.894531
random,8,97,104,1592,52,0,8,34,7.027344
random,8,98,106,1824,53,0,2,24,5.394531
random,8,99,108,1776,54,0,4,28,7.019531
primes,12,0,236,6404,118,0,38,214,5.337646
random,12,0,284,8388,142,0,32,264,8.071045
random,12,1,270,7524,135,0,32,308,8.272217
random,12,2,260,6972,130,0,40,336,9.102295
random,12,3,306,9276,153,0,28,320,9.774170
random,12,4,248,6932,124,0,34,230,6.087158
random,12,5,248,6668,124,0,38,226,5.903564
random,12,6,260,6796,130,0,40,288,7.427979
random,12,7,212,5260,106,0,46,216,5.130615
random,12,8,262,6828,131,0,36,372,10.027100
random,12,9,294,8708,147,0,32,262,8.122803
random,12,10,236,6348,118,0,42,206,5.355225
random,12,11,262,6956,131,0,38,310,8.562256
random,12,12,244,6532,122,0,36,220,5.620361
random,12,13,264,7724,132,0,36,204,5.681396
random,12,14,242,6644,121,0,36,202,5.310791
random,12,15,258,7076,129,0,36,250,6.772217
random,12,16,258,7140,129,0,34,232,6.367920
random,12,17,248,6908,124,0,36,208,5.555908
random,12,18,262,7892,131,0,38,198,5.653076
random,12,19,266,7572,133,0,40,212,6.059814
random,12,20,250,6740,125,0,36,268,7.166260
random,12,21,278,7924,139,0,32,268,7.778564
random,12,22,256,7012,128,0,36,268,7.374756
random,12,23,276,7716,138,0,36,342,9.571533
random,12,24,334,10700,167,0,32,324,10.489014
random,12,25,250,7092,125,0,40,200,5.548584
random,12,26,256,6796,128,0,34,254,6.624268
random,12,27,288,8636,144,0,36,298,9.242920
random,12,28,244,6572,122,0,42,278,7.147217
random,12,29,292,8404,146,0,34,348,10.122314
random,12,30,282,8092,141,0,32,288,8.559814
random,12,31,266,7412,133,0,34,262,7.375732
random,12,32,266,7156,133,0,34,304,7.991455
random,12,33,278,8212,139,0,34,224,6.685303
random,12,34,264,7964,132,0,30,164,5.380615
random,12,35,230,5620,115,0,42,222,5.678467
random,12,36,244,6452,122,0,38,216,5.681885
random,12,37,272,8228,136,0,36,218,6.278076
random,12,38,228,6148,114,0,42,200,5.166748
random,12,39,298,8660,149,0,30,390,11.435303
random,12,40,280,7628,140,0,44,350,9.492432
random,12,41,246,6452,123,0,40,280,7.307861
random,12,42,282,8356,141,0,32,268,8.225342
random,12,43,266,7828,133,0,36,212,6.117920
random,12,44,318,9708,159,0,30,346,10.615967
random,12,45,250,7092,125,0,36,200,5.407471
random,12,46,252,6380,126,0,44,308,8.055420
random,12,47,260,7332,130,0,34,274,7.552490
random,12,48,280,8092,140,0,36,288,8.337646
random,12,49,254,6860,127,0,38,278,7.393799
random,12,50,248,6508,124,0,40,222,5.834229
random,12,51,216,5116,108,0,46,246,5.525635
random,12,52,276,8292,138,0,36,210,6.459717
random,12,53,302,8844,151,0,32,398,11.780029
random,12,54,288,8412,144,0,38,308,9.161865
random,12,55,256,7204,128,0,34,240,6.547607
random,12,56,230,5412,115,0,40,316,7.524170
random,12,57,286,8420,143,0,32,288,8.432373
random,12,58,208,4884,104,0,46,220,5.092041
random,12,59,252,6644,126,0,36,272,7.303467
random,12,60,274,7724,137,0,30,298,8.369873
random,12,61,282,8244,141,0,32,276,8.192139
random,12,62,272,7996,136,0,38,210,6.260498
random,12,63,228,5812,114,0,38,210,5.344971
random,12,64,294,8620,147,0,30,304,8.742920
random,12,65,224,6108,112,0,42,196,5.057373
random,12,66,222,5468,111,0,44,230,5.498779
random,12,67,270,7452,135,0,36,302,8.503662
random,12,68,296,9052,148,0,32,250,7.660889
random,12,69,276,7540,138,0,38,362,10.007080
random,12,70,280,8252,140,0,36,242,7.168701
random,12,71,300,8756,150,0,38,402,12.084717
random,12,72,258,7172,129,0,34,268,7.329346
random,12,73,288,8748,144,0,36,262,8.246826
random,12,74,284,8188,142,0,36,308,8.755615
random,12,75,234,6396,117,0,40,200,5.158936
random,12,76,250,6468,125,0,38,274,7.257080
random,12,77,258,6804,129,0,38,274,7.538330
random,12,78,252,7268,126,0,34,200,5.353271
random,12,79,288,8604,144,0,36,316,9.309326
random,12,80,274,7876,137,0,36,246,7.125732
random,12,81,284,8372,142,0,34,260,7.770752
random,12,82,276,8156,138,0,38,220,6.588623
random,12,83,226,6028,113,0,44,214,5.096924
random,12,84,254,6724,127,0,36,234,6.334717
random,12,85,308,9652,154,0,34,290,8.770264
random,12,86,250,6700,125,0,34,264,7.041748
random,12,87,254,6676,127,0,38,270,7.267334
random,12,88,234,5844,117,0,38,288,7.142334
random,12,89,276,7796,138,0,36,284,8.007080
random,12,90,290,8492,145,0,32,302,8.654053
random,12,91,284,8276,142,0,32,294,8.510498
random,12,92,276,8084,138,0,38,236,6.770264
random,12,93,254,7108,127,0,36,216,5.877686
random,12,94,256,7340,128,0,40,202,5.631592
random,12,95,306,9052,153,0,28,396,11.739990
random,12,96,252,6884,126,0,36,278,7.531982
random,12,97,268,6916,134,0,42,422,11.245361
random,12,98,236,6388,118,0,34,214,5.554443
random,12,99,244,6676,122,0,34,200,5.405518
primes,16,0,438,16752,219,0,394,2138,5.348282
random,16,0,402,13528,201,0,434,2606,6.067337
random,16,1,590,24712,295,0,290,4808,15.079391
random,16,2,578,26208,289,0,326,2558,8.092789
random,16,3,490,20024,245,0,356,2250,6.349197
random,16,4,526,23264,263,0,330,2406,7.241470
random,16,5,444,16584,222,0,390,3514,9.016312
random,16,6,454,16488,227,0,392,2978,7.638474
random,16,7,510,20936,255,0,358,2754,7.853775
random,16,8,462,16128,231,0,390,4040,10.159592
random,16,9,540,22904,270,0,350,3240,9.659561
random,16,10,494,19472,247,0,360,3396,9.387985
random,16,11,556,24152,278,0,330,2260,7.063126
random,16,12,528,21752,264,0,346,3856,11.288956
random,16,13,466,17144,233,0,380,3686,9.637283
random,16,14,458,17104,229,0,392,2792,7.288712
random,16,15,458,16840,229,0,384,2736,7.032669
random,16,16,540,22856,270,0,340,3296,9.850662
random,16,17,560,23952,280,0,358,4350,13.313004
random,16,18,442,16696,221,0,398,2356,6.064224
random,16,19,532,22088,266,0,354,3616,10.605484
random,16,20,536,21728,268,0,356,3082,9.189133
random,16,21,508,20456,254,0,356,2732,7.783005
random,16,22,518,21968,259,0,342,2220,6.543472
random,16,23,546,23608,273,0,326,2350,7.112869
random,16,24,546,23200,273,0,342,3336,10.106705
random,16,25,472,18624,236,0,374,2778,7.554276
random,16,26,464,17392,232,0,382,3068,8.039108
random,16,27,564,24488,282,0,330,2722,8.512711
random,16,28,484,18936,242,0,368,2810,7.765244
random,16,29,546,23016,273,0,340,3338,10.083054
random,16,30,590,25840,295,0,314,3822,12.140884
random,16,31,586,26680,293,0,324,2370,7.522476
random,16,32,492,19624,246,0,366,2812,7.841080
random,16,33,458,17080,229,0,384,2794,7.258499
random,16,34,434,16256,217,0,402,2192,5.569443
random,16,35,384,12784,192,0,442,2338,5.284592
random,16,36,444,16680,222,0,390,2226,5.721542
random,16,37,404,14656,202,0,430,2122,5.081985
random,16,38,482,19464,241,0,358,2114,5.850723
random,16,39,502,20376,251,0,354,2696,7.632187
random,16,40,432,14864,216,0,414,3134,7.633377
random,16,41,476,18000,238,0,382,2892,7.725967
random,16,42,506,21256,253,0,342,2164,6.293594
random,16,43,538,21624,269,0,336,3544,10.329422
random,16,44,546,23640,273,0,330,2556,7.725662
random,16,45,424,15096,212,0,410,2214,5.417343
random,16,46,444,15184,222,0,428,3100,7.563065
random,16,47,452,17496,226,0,380,2688,7.086685
random,16,48,514,20368,257,0,362,3246,9.203018
random,16,49,502,20048,251,0,354,2208,6.250565
random,16,50,562,24216,281,0,320,2576,8.094254
random,16,51,512,20904,256,0,348,2862,8.274002
random,16,52,488,18456,244,0,368,3094,8.407578
random,16,53,514,20928,257,0,348,2932,8.327316
random,16,54,492,20048,246,0,364,3244,9.148697
random,16,55,494,19496,247,0,360,2406,6.704758
random,16,56,506,21128,253,0,342,2208,6.335587
random,16,57,510,20752,255,0,350,2766,7.907516
random,16,58,496,21304,248,0,348,1874,5.382339
random,16,59,384,12208,192,0,460,2566,5.656143
random,16,60,498,20168,249,0,356,2266,6.404190
random,16,61,450,17768,225,0,384,2002,5.318893
random,16,62,470,18840,235,0,358,2260,6.195328
random,16,63,608,27280,304,0,320,3268,10.547867
random,16,64,520,21832,260,0,346,2342,6.883102
random,16,65,452,17368,226,0,390,2410,6.293289
random,16,66,448,16240,224,0,398,3754,9.506882
random,16,67,420,15064,210,0,404,2466,6.054855
random,16,68,438,15664,219,0,408,2728,6.751266
random,16,69,490,19008,245,0,360,3004,8.190598
random,16,70,558,23568,279,0,324,3298,10.095963
random,16,71,516,20408,258,0,354,3392,9.575027
random,16,72,520,21536,260,0,358,2338,6.837570
random,16,73,418,14472,209,0,414,2510,6.078903
random,16,74,454,16984,227,0,388,2480,6.420486
random,16,75,522,21336,261,0,342,2988,8.690079
random,16,76,550,22720,275,0,334,3064,9.081375
random,16,77,518,21288,259,0,340,3130,9.071060
random,16,78,478,17392,239,0,384,3552,9.296310
random,16,79,534,22240,267,0,342,3186,9.503067
random,16,80,412,15688,206,0,400,2030,5.084549
random,16,81,532,21664,266,0,350,4144,12.202774
random,16,82,530,22152,265,0,334,2874,8.587967
random,16,83,558,22832,279,0,318,3572,10.749161
random,16,84,614,26744,307,0,280,4838,15.581192
random,16,85,524,22520,262,0,340,2354,7.022964
random,16,86,548,23272,274,0,324,3684,11.112930
random,16,87,498,21064,249,0,346,2078,6.086960
random,16,88,478,18176,239,0,378,3180,8.527725
random,16,89,518,20944,259,0,358,2754,8.019791
random,16,90,514,20376,257,0,354,3040,8.593094
random,16,91,454,17600,227,0,388,2030,5.330063
random,16,92,508,20728,254,0,344,2640,7.562637
random,16,93,458,18312,229,0,378,1950,5.252365
random,16,94,512,21920,256,0,348,2582,7.631973
random,16,95,494,19440,247,0,356,2880,7.937210
random,16,96,444,16176,222,0,404,2444,6.196487
random,16,97,460,16304,230,0,408,4372,11.081894
random,16,98,552,23232,276,0,340,4370,13.200333
random,16,99,462,18216,231,0,374,2628,7.052872
primes,18,0,566,24962,283,0,1290,6706,5.349003
random,18,0,660,29914,330,0,1178,13488,11.517811
random,18,1,596,27354,298,0,1224,6748,5.534733
random,18,2,648,28058,324,0,1198,12152,10.078030
random,18,3,574,24906,287,0,1304,7326,5.701733
random,18,4,620,27986,310,0,1216,8566,7.081898
random,18,5,580,25818,290,0,1260,6674,5.321461
random,18,6,664,31458,332,0,1160,8926,7.807728
random,18,7,680,32706,340,0,1134,8426,7.516338
random,18,8,576,24930,288,0,1286,7244,5.664593
random,18,9,670,32378,335,0,1136,8048,7.147800
random,18,10,644,29730,322,0,1192,7716,6.586689
random,18,11,702,33146,351,0,1134,10606,9.499783
random,18,12,634,28154,317,0,1222,10364,8.603344
random,18,13,698,32322,349,0,1148,11058,9.827877
random,18,14,598,26594,299,0,1250,9134,7.362713
random,18,15,622,27274,311,0,1232,7614,6.195309
random,18,16,562,23650,281,0,1328,7966,6.051174
random,18,17,564,24410,282,0,1290,7226,5.569462
random,18,18,554,23170,277,0,1354,6954,5.263584
random,18,19,562,23250,281,0,1340,8744,6.598042
random,18,20,604,26362,302,0,1254,8552,6.884197
random,18,21,650,28610,325,0,1242,12838,10.813808
random,18,22,534,22850,267,0,1344,6874,5.169636
random,18,23,616,25794,308,0,1266,10416,8.249889
random,18,24,736,34834,368,0,1048,19272,17.755619
random,18,25,618,27514,309,0,1244,9686,7.943645
random,18,26,710,35554,355,0,1068,7174,6.634556
random,18,27,678,30874,339,0,1180,17328,15.013248
random,18,28,708,32914,354,0,1098,16296,14.570652
random,18,29,598,25898,299,0,1274,9910,7.886997
random,18,30,578,25146,289,0,1282,9118,7.150517
random,18,31,638,27978,319,0,1232,13980,11.535000
random,18,32,698,33090,349,0,1130,9822,8.880123
random,18,33,546,22530,273,0,1360,9724,7.255245
random,18,34,628,27242,314,0,1228,13572,11.078564
random,18,35,574,25298,287,0,1280,7700,6.052601
random,18,36,572,25306,286,0,1294,7168,5.631260
random,18,37,600,26802,300,0,1250,7642,6.160549
random,18,38,530,22218,265,0,1360,8122,6.012203
random,18,39,520,20682,260,0,1404,7430,5.297955
random,18,40,592,24722,296,0,1298,9042,7.041126
random,18,41,508,21690,254,0,1368,6860,5.032230
random,18,42,662,30690,331,0,1174,11320,9.787342
random,18,43,612,29538,306,0,1172,6052,5.151737
random,18,44,704,32858,352,0,1124,11802,10.533497
random,18,45,712,34162,356,0,1108,9962,9.187977
random,18,46,538,21810,269,0,1378,9704,7.080898
random,18,47,680,32386,340,0,1128,8640,7.698170
random,18,48,622,27954,311,0,1236,7984,6.611637
random,18,49,630,29154,315,0,1194,7806,6.609562
random,18,50,730,35338,365,0,1100,11792,10.889072
random,18,51,680,32554,340,0,1122,9778,8.707752
random,18,52,554,23026,277,0,1344,9730,7.317204
random,18,53,720,35218,360,0,1092,10148,9.376713
random,18,54,646,31442,323,0,1152,8352,7.242558
random,18,55,698,33986,349,0,1122,8884,8.099491
random,18,56,644,29666,322,0,1198,7398,6.345890
random,18,57,596,25818,298,0,1252,13880,11.021427
random,18,58,666,31730,333,0,1152,13110,11.531345
random,18,59,700,33954,350,0,1110,10140,9.285374
random,18,60,636,29130,318,0,1206,10804,9.096073
random,18,61,678,30410,339,0,1186,11980,10.275173
random,18,62,632,28962,316,0,1228,9634,8.085941
random,18,63,606,26250,303,0,1262,8014,6.391720
random,18,64,626,28194,313,0,1216,9136,7.595272
random,18,65,586,24546,293,0,1308,9132,7.094166
random,18,66,640,30034,320,0,1186,6706,5.730274
random,18,67,598,26762,299,0,1236,8228,6.670063
random,18,68,600,26722,300,0,1240,9146,7.396618
random,18,69,650,29402,325,0,1194,9716,8.210934
random,18,70,578,26074,289,0,1262,6504,5.191219
random,18,71,644,30058,322,0,1160,9428,8.068821
random,18,72,728,34986,364,0,1080,12060,11.267071
random,18,73,674,32890,337,0,1138,11298,10.119358
random,18,74,658,33234,329,0,1120,5918,5.334934
random,18,75,672,32098,336,0,1148,9228,8.168827
random,18,76,724,36186,362,0,1084,9494,8.852283
random,18,77,636,28986,318,0,1194,9646,8.113346
random,18,78,540,21978,270,0,1372,7874,5.783855
random,18,79,544,23618,272,0,1324,6708,5.104671
random,18,80,700,32258,350,0,1124,14174,12.535915
random,18,81,664,30586,332,0,1162,10742,9.260250
random,18,82,638,27226,319,0,1264,14320,11.687817
random,18,83,642,29282,321,0,1198,9924,8.424992
random,18,84,614,26842,307,0,1244,13690,11.083973
random,18,85,718,34850,359,0,1102,11850,10.878208
random,18,86,722,35378,361,0,1094,9236,8.480259
random,18,87,578,23642,289,0,1332,9708,7.359409
random,18,88,648,29650,324,0,1192,7696,6.597660
random,18,89,620,28330,310,0,1204,8822,7.337284
random,18,90,610,28202,305,0,1206,7600,6.325474
random,18,91,678,32322,339,0,1144,8712,7.724606
random,18,92,706,34874,353,0,1094,7860,7.223850
random,18,93,630,27362,315,0,1246,8816,7.253788
random,18,94,590,25506,295,0,1260,7580,5.969273
random,18,95,552,23338,276,0,1320,7022,5.322369
random,18,96,626,28474,313,0,1178,8048,6.696842
random,18,97,666,30610,333,0,1184,13140,11.353428
random,18,98,732,33978,366,0,1016,20908,19.033184
random,18,99,612,25818,306,0,1258,16376,13.004398
primes,20,0,710,35332,355,0,4344,22808,5.349208
random,20,0,702,32652,351,0,4516,26156,5.834002
random,20,1,824,40940,412,0,4080,48880,12.145560
random,20,2,762,36068,381,0,4304,40096,9.385264
random,20,3,638,27604,319,0,4902,25256,5.160464
random,20,4,682,31044,341,0,4634,32836,7.105906
random,20,5,708,32780,354,0,4502,36048,8.037621
random,20,6,742,36508,371,0,4274,32296,7.584525
random,20,7,758,37404,379,0,4212,34116,8.116935
random,20,8,858,42972,429,0,3852,62920,16.001689
random,20,9,792,41588,396,0,4016,24030,6.020083
random,20,10,662,30556,331,0,4644,24098,5.182431
random,20,11,870,45372,435,0,3802,49488,12.966025
random,20,12,734,35500,367,0,4336,35312,8.171699
random,20,13,910,49524,455,0,3662,41556,11.328311
random,20,14,784,38860,392,0,4158,40290,9.769872
random,20,15,770,36828,385,0,4246,35798,8.441419
random,20,16,770,40260,385,0,4078,28880,7.114757
random,20,17,698,30628,349,0,4656,51268,11.063119
random,20,18,868,45612,434,0,3846,42100,11.034854
random,20,19,590,26460,295,0,4990,24820,5.003478
random,20,20,710,33916,355,0,4434,24950,5.654395
random,20,21,872,46868,436,0,3802,32950,8.807605
random,20,22,786,40044,393,0,4062,35100,8.640124
random,20,23,782,39628,391,0,4096,37366,9.146964
random,20,24,790,39620,395,0,4130,28704,7.042964
random,20,25,770,38668,385,0,4152,32780,7.930776
random,20,26,780,40012,390,0,4060,26068,6.411384
random,20,27,744,35300,372,0,4350,31534,7.294009
random,20,28,738,34924,369,0,4392,33136,7.627595
random,20,29,756,39004,378,0,4136,29318,7.114690
random,20,30,714,32628,357,0,4542,36650,8.133012
random,20,31,746,35740,373,0,4362,28482,6.620179
random,20,32,626,27124,313,0,4954,27658,5.628375
random,20,33,802,38684,401,0,4128,48868,11.813605
random,20,34,728,36692,364,0,4276,23212,5.466056
random,20,35,756,37364,378,0,4238,31602,7.519252
random,20,36,872,47660,436,0,3664,25132,6.814626
random,20,37,746,36180,373,0,4288,39144,9.143517
random,20,38,788,41404,394,0,4020,24742,6.187490
random,20,39,820,43316,410,0,3950,33798,8.634089
random,20,40,754,34044,377,0,4394,53428,12.079047
random,20,41,746,36420,373,0,4274,33428,7.832055
random,20,42,760,36012,380,0,4330,36420,8.515895
random,20,43,704,32372,352,0,4536,32826,7.282550
random,20,44,734,37268,367,0,4230,22794,5.419501
random,20,45,702,33052,351,0,4490,25394,5.685536
random,20,46,726,33572,363,0,4456,40452,9.128963
random,20,47,852,45964,426,0,3824,23426,6.226508
random,20,48,630,26956,315,0,4954,25262,5.113786
random,20,49,694,33572,347,0,4432,24666,5.567893
random,20,50,754,37124,377,0,4254,26016,6.153020
random,20,51,770,38356,385,0,4194,34496,8.302344
random,20,52,698,34452,349,0,4410,24366,5.573056
random,20,53,830,40092,415,0,3954,77538,19.032374
random,20,54,698,33484,349,0,4460,25672,5.783093
random,20,55,834,43396,417,0,3926,45552,11.646472
random,20,56,780,36604,390,0,4294,47882,11.259768
random,20,57,774,39052,387,0,4134,32044,7.767936
random,20,58,708,33884,354,0,4452,31050,7.037333
random,20,59,762,36332,381,0,4296,35996,8.423524
random,20,60,844,44332,422,0,3900,33440,8.692494
random,20,61,790,40692,395,0,4068,26764,6.641532
random,20,62,776,40756,388,0,4052,26574,6.590594
random,20,63,820,41676,410,0,4036,31640,7.954705
random,20,64,682,32236,341,0,4566,23038,5.088113
random,20,65,746,36884,373,0,4270,25034,5.920199
random,20,66,816,39940,408,0,4124,38780,9.566379
random,20,67,772,37708,386,0,4220,44462,10.631278
random,20,68,806,42196,403,0,4004,30228,7.634574
random,20,69,752,35548,376,0,4344,28976,6.673099
random,20,70,764,38980,382,0,4160,23514,5.723382
random,20,71,816,42596,408,0,3986,33456,8.473689
random,20,72,866,44212,433,0,3878,45836,11.763850
random,20,73,756,39452,378,0,4104,22436,5.487605
random,20,74,806,41868,403,0,3998,31030,7.814685
random,20,75,786,39100,393,0,4138,30258,7.378505
random,20,76,712,34052,356,0,4448,24454,5.556947
random,20,77,674,31956,337,0,4564,23072,5.076888
random,20,78,836,42660,418,0,3992,41984,10.667930
random,20,79,684,32844,342,0,4498,22732,5.071900
random,20,80,704,32340,352,0,4542,36478,8.093936
random,20,81,838,42316,419,0,3954,46088,11.626658
random,20,82,804,39964,402,0,4128,53396,13.127185
random,20,83,788,39436,394,0,4152,32712,7.988770
random,20,84,816,42676,408,0,3966,39952,10.158160
random,20,85,766,37340,383,0,4222,35386,8.402389
random,20,86,710,35620,355,0,4316,25978,6.034482
random,20,87,682,32420,341,0,4546,27360,6.068330
random,20,88,852,45868,426,0,3850,33386,8.763904
random,20,89,740,37428,370,0,4224,22212,5.292453
random,20,90,750,36828,375,0,4260,31352,7.376782
random,20,91,740,35540,370,0,4328,28188,6.540454
random,20,92,746,34508,373,0,4396,36690,8.378936
random,20,93,696,32828,348,0,4496,28052,6.262895
random,20,94,820,41596,410,0,4024,45048,11.290164
random,20,95,724,33444,362,0,4478,41184,9.259841
random,20,96,838,45068,419,0,3860,30396,7.926318
random,20,97,774,39436,387,0,4100,26788,6.522304
random,20,98,682,29548,341,0,4742,35002,7.400405
random,20,99,830,43020,415,0,3936,52192,13.287040
